Guid,Name,Type,BillingStreet,BillingCity,BillingState,BillingPostalCode,BillingCountry,BillingLatitude,BillingLongitude,BillingGeocodeAccuracy,ShippingStreet,ShippingCity,ShippingState,ShippingPostalCode,ShippingCountry,ShippingLatitude,ShippingLongitude,ShippingGeocodeAccuracy,Phone,Fax,AccountNumber,Website,Industry,AnnualRevenue,NumberOfEmployees,Description,Site,Jigsaw,AccountSource,SicDesc,test1__c,SBQQ__AssetQuantitiesCombined__c,SBQQ__CoTermedContractsCombined__c,SBQQ__CoTerminationEvent__c,SBQQ__ContractCoTermination__c,SBQQ__IgnoreParentContractedPrices__c,SBQQ__PreserveBundle__c,SBQQ__PriceHoldEnd__c,SBQQ__RenewalModel__c,SBQQ__RenewalPricingMethod__c,SBQQ__TaxExempt__c,Test_Field__c,test__c,pick1__c,pickmulti__c
e12f15fb-1c62-4ee5-a960-acfc6082b5bf,CompanyX,#N/A,#N/A,#N/A,#N/A,#N/A,#N/A,#N/A,#N/A,#N/A,#N/A,#N/A,#N/A,#N/A,#N/A,#N/A,#N/A,#N/A,353465768,#N/A,#N/A,#N/A,#N/A,#N/A,879,#N/A,#N/A,#N/A,#N/A,#N/A,#N/A,false,false,#N/A,#N/A,false,true,#N/A,Contract Based,#N/A,#N/A,#N/A,#N/A,#N/A,#N/A
0afc6a9e-1037-48c6-b26f-70e07d7d07fc,acc dely22222,#N/A,#N/A,#N/A,#N/A,#N/A,#N/A,#N/A,#N/A,#N/A,#N/A,#N/A,#N/A,#N/A,#N/A,#N/A,#N/A,#N/A,#N/A,#N/A,#N/A,#N/A,#N/A,#N/A,#N/A,#N/A,#N/A,#N/A,#N/A,#N/A,#N/A,false,false,#N/A,Never,false,true,#N/A,Contract Based,Same,No,#N/A,#N/A,#N/A,#N/A
54ee8c6d-953f-4bed-807e-3126afa8045a,Base,#N/A,#N/A,#N/A,#N/A,#N/A,#N/A,#N/A,#N/A,#N/A,#N/A,#N/A,#N/A,#N/A,#N/A,#N/A,#N/A,#N/A,#N/A,#N/A,#N/A,#N/A,#N/A,#N/A,#N/A,#N/A,#N/A,#N/A,#N/A,#N/A,#N/A,false,false,#N/A,Never,false,true,#N/A,Contract Based,Same,No,#N/A,#N/A,#N/A,#N/A
6c1b4c16-6e03-4a26-bb7b-f753398a7aad,Arnold,#N/A,#N/A,#N/A,#N/A,#N/A,#N/A,#N/A,#N/A,#N/A,#N/A,#N/A,#N/A,#N/A,#N/A,#N/A,#N/A,#N/A,#N/A,#N/A,#N/A,#N/A,#N/A,#N/A,#N/A,#N/A,#N/A,#N/A,#N/A,#N/A,#N/A,false,false,#N/A,Never,false,true,#N/A,Contract Based,Same,No,#N/A,#N/A,#N/A,#N/A
53eb79f9-e324-4535-b59d-81ff1d2d240a,Base111,#N/A,#N/A,#N/A,#N/A,#N/A,#N/A,#N/A,#N/A,#N/A,#N/A,#N/A,#N/A,#N/A,#N/A,#N/A,#N/A,#N/A,#N/A,#N/A,#N/A,#N/A,#N/A,#N/A,#N/A,#N/A,#N/A,#N/A,#N/A,#N/A,#N/A,false,false,#N/A,Never,false,true,#N/A,Contract Based,Same,No,#N/A,#N/A,#N/A,#N/A
b4d2133b-bdc6-4af8-b844-fa4ad0d7001d,Asnaf Test Of Athena,#N/A,#N/A,#N/A,#N/A,#N/A,#N/A,#N/A,#N/A,#N/A,#N/A,#N/A,#N/A,#N/A,#N/A,#N/A,#N/A,#N/A,#N/A,#N/A,#N/A,#N/A,#N/A,#N/A,#N/A,#N/A,#N/A,#N/A,#N/A,#N/A,#N/A,false,false,#N/A,Never,false,true,#N/A,Contract Based,Same,No,#N/A,#N/A,#N/A,#N/A
54de4480-ccce-4fc9-ab0b-65b121aec8ab,Sample Account for Entitlements,#N/A,#N/A,#N/A,#N/A,#N/A,#N/A,#N/A,#N/A,#N/A,#N/A,#N/A,#N/A,#N/A,#N/A,#N/A,#N/A,#N/A,#N/A,#N/A,#N/A,#N/A,#N/A,#N/A,#N/A,#N/A,#N/A,#N/A,#N/A,#N/A,#N/A,false,false,#N/A,#N/A,false,true,#N/A,Contract Based,#N/A,#N/A,#N/A,#N/A,#N/A,#N/A
58049df7-c411-4459-bede-4ce5119a6369,Parent111,#N/A,#N/A,#N/A,#N/A,#N/A,#N/A,#N/A,#N/A,#N/A,#N/A,#N/A,#N/A,#N/A,#N/A,#N/A,#N/A,#N/A,#N/A,#N/A,#N/A,#N/A,#N/A,#N/A,#N/A,#N/A,#N/A,#N/A,#N/A,#N/A,#N/A,false,false,#N/A,Never,false,true,#N/A,Contract Based,Same,No,#N/A,#N/A,#N/A,#N/A
46a7934d-d39a-4f94-a606-2524a1008491,company,#N/A,#N/A,#N/A,#N/A,#N/A,#N/A,#N/A,#N/A,#N/A,#N/A,#N/A,#N/A,#N/A,#N/A,#N/A,#N/A,#N/A,1234567,#N/A,#N/A,#N/A,#N/A,#N/A,#N/A,#N/A,#N/A,#N/A,#N/A,#N/A,#N/A,false,false,#N/A,#N/A,false,true,#N/A,Contract Based,#N/A,#N/A,#N/A,#N/A,#N/A,#N/A
216395e9-11c0-4034-b0b2-f3fe821e5e29,acc 32,#N/A,#N/A,#N/A,#N/A,#N/A,#N/A,#N/A,#N/A,#N/A,#N/A,#N/A,#N/A,#N/A,#N/A,#N/A,#N/A,#N/A,32323232323,3232323,#N/A,#N/A,#N/A,#N/A,#N/A,#N/A,#N/A,#N/A,#N/A,#N/A,#N/A,false,false,#N/A,Never,false,true,#N/A,Contract Based,Same,No,#N/A,#N/A,#N/A,#N/A
c4691f2d-2f3c-42d6-92ed-9aefa15b09a6,new,#N/A,#N/A,#N/A,#N/A,#N/A,#N/A,#N/A,#N/A,#N/A,#N/A,#N/A,#N/A,#N/A,#N/A,#N/A,#N/A,#N/A,123,#N/A,#N/A,#N/A,#N/A,#N/A,#N/A,#N/A,#N/A,#N/A,#N/A,#N/A,#N/A,false,false,#N/A,Never,false,true,#N/A,Contract Based,Same,No,#N/A,#N/A,#N/A,#N/A
e0df6ba1-b6de-4021-911f-37fc65049115,Realblab,Prospect,53 Park Meadow Pass,New Bedford,MA,2745,United States,#N/A,#N/A,#N/A,#N/A,#N/A,#N/A,#N/A,#N/A,#N/A,#N/A,#N/A,#N/A,#N/A,#N/A,#N/A,Insurance,2.9588767E7,#N/A,#N/A,#N/A,#N/A,#N/A,#N/A,#N/A,false,false,#N/A,Never,false,true,#N/A,Contract Based,Same,No,#N/A,#N/A,#N/A,#N/A
c5ebde10-304f-4f74-b954-5ba904a0ac7a,acc dely22222,#N/A,#N/A,#N/A,#N/A,#N/A,#N/A,#N/A,#N/A,#N/A,#N/A,#N/A,#N/A,#N/A,#N/A,#N/A,#N/A,#N/A,#N/A,#N/A,#N/A,#N/A,#N/A,#N/A,#N/A,#N/A,#N/A,#N/A,#N/A,#N/A,#N/A,false,false,#N/A,Never,false,true,#N/A,Contract Based,Same,No,#N/A,#N/A,#N/A,#N/A
6ff98688-b623-4dcc-bc4b-d50fa07b8bac,Test 327,#N/A,#N/A,#N/A,#N/A,#N/A,#N/A,#N/A,#N/A,#N/A,#N/A,#N/A,#N/A,#N/A,#N/A,#N/A,#N/A,#N/A,#N/A,#N/A,#N/A,#N/A,#N/A,#N/A,#N/A,#N/A,#N/A,#N/A,#N/A,#N/A,#N/A,false,false,#N/A,Never,false,true,#N/A,Contract Based,Same,No,#N/A,#N/A,#N/A,#N/A
0dffc7e3-80f9-49f5-9ef5-67ba327edb0b,Sample Account for Entitlements,#N/A,#N/A,#N/A,#N/A,#N/A,#N/A,#N/A,#N/A,#N/A,#N/A,#N/A,#N/A,#N/A,#N/A,#N/A,#N/A,#N/A,#N/A,#N/A,#N/A,#N/A,#N/A,#N/A,#N/A,#N/A,#N/A,#N/A,#N/A,#N/A,#N/A,false,false,#N/A,#N/A,false,true,#N/A,Contract Based,#N/A,#N/A,#N/A,#N/A,#N/A,#N/A
64a4cb68-1594-45f1-a122-01f49176b539,acc 32 new,#N/A,#N/A,#N/A,#N/A,#N/A,#N/A,#N/A,#N/A,#N/A,#N/A,#N/A,#N/A,#N/A,#N/A,#N/A,#N/A,#N/A,#N/A,#N/A,#N/A,#N/A,#N/A,#N/A,#N/A,#N/A,#N/A,#N/A,#N/A,#N/A,#N/A,false,false,#N/A,Never,false,true,#N/A,Contract Based,Same,No,#N/A,#N/A,#N/A,#N/A
fa92a97f-454c-4f76-8862-4d2940e93309,attachment,#N/A,#N/A,#N/A,#N/A,#N/A,#N/A,#N/A,#N/A,#N/A,#N/A,#N/A,#N/A,#N/A,#N/A,#N/A,#N/A,#N/A,#N/A,#N/A,#N/A,#N/A,#N/A,#N/A,#N/A,#N/A,#N/A,#N/A,#N/A,#N/A,#N/A,false,false,#N/A,Never,false,true,#N/A,Contract Based,Same,No,#N/A,#N/A,#N/A,#N/A
f0e75c2d-95b5-4dbd-8f49-072f2b25b688,Sample Account for Entitlements,#N/A,#N/A,#N/A,#N/A,#N/A,#N/A,#N/A,#N/A,#N/A,#N/A,#N/A,#N/A,#N/A,#N/A,#N/A,#N/A,#N/A,#N/A,#N/A,#N/A,#N/A,#N/A,#N/A,#N/A,#N/A,#N/A,#N/A,#N/A,#N/A,#N/A,false,false,#N/A,#N/A,false,true,#N/A,Contract Based,#N/A,#N/A,#N/A,#N/A,#N/A,#N/A
f81ca417-ee3d-4134-aa9b-d547ad824be6,Testing new stuff,#N/A,#N/A,#N/A,#N/A,#N/A,#N/A,#N/A,#N/A,#N/A,#N/A,#N/A,#N/A,#N/A,#N/A,#N/A,#N/A,#N/A,#N/A,#N/A,#N/A,#N/A,#N/A,#N/A,#N/A,#N/A,#N/A,#N/A,#N/A,#N/A,#N/A,false,false,#N/A,Never,false,true,#N/A,Contract Based,Same,No,#N/A,#N/A,#N/A,#N/A
917191b7-de54-4e57-b1ed-77c8fe51204b,Kazu,Prospect,1095 Ave of The Americas,New York,NY,10036-6704,United States,#N/A,#N/A,#N/A,#N/A,#N/A,#N/A,#N/A,#N/A,#N/A,#N/A,#N/A,1.212.395.1000,1231231,#N/A,#N/A,Services,1.3162E11,123,Colonial Movers is the leader in Services in New York,#N/A,#N/A,#N/A,#N/A,#N/A,false,false,#N/A,Never,false,true,#N/A,Contract Based,Same,No,YYY,#N/A,#N/A,#N/A
a904751c-81a3-490e-a16e-2a5efa6aa25e,test b,#N/A,#N/A,#N/A,#N/A,#N/A,#N/A,#N/A,#N/A,#N/A,#N/A,#N/A,#N/A,#N/A,#N/A,#N/A,#N/A,#N/A,#N/A,#N/A,#N/A,#N/A,#N/A,#N/A,#N/A,#N/A,#N/A,#N/A,#N/A,#N/A,#N/A,false,false,#N/A,Never,false,true,#N/A,Contract Based,Same,No,#N/A,#N/A,#N/A,#N/A
7444f1d2-4d38-486f-a293-1cc361ca10e6,CompanyX,#N/A,#N/A,#N/A,#N/A,#N/A,#N/A,#N/A,#N/A,#N/A,#N/A,#N/A,#N/A,#N/A,#N/A,#N/A,#N/A,#N/A,353465768,#N/A,#N/A,#N/A,#N/A,#N/A,879,#N/A,#N/A,#N/A,#N/A,#N/A,#N/A,false,false,#N/A,#N/A,false,true,#N/A,Contract Based,#N/A,#N/A,#N/A,#N/A,#N/A,#N/A
cb24d36f-64a6-4f3e-9ae0-38c5c7763167,Helga P,#N/A,#N/A,#N/A,#N/A,#N/A,#N/A,#N/A,#N/A,#N/A,#N/A,#N/A,#N/A,#N/A,#N/A,#N/A,#N/A,#N/A,#N/A,#N/A,#N/A,#N/A,#N/A,#N/A,#N/A,#N/A,#N/A,#N/A,#N/A,#N/A,#N/A,false,false,#N/A,Never,false,true,#N/A,Contract Based,Same,No,#N/A,#N/A,#N/A,#N/A
326fa2dc-1c0d-4195-b86a-bc86ed495776,Test 322,#N/A,#N/A,#N/A,#N/A,#N/A,#N/A,#N/A,#N/A,#N/A,#N/A,#N/A,#N/A,#N/A,#N/A,#N/A,#N/A,#N/A,#N/A,#N/A,#N/A,#N/A,#N/A,#N/A,#N/A,#N/A,#N/A,#N/A,#N/A,#N/A,#N/A,false,false,#N/A,Never,false,true,#N/A,Contract Based,Same,No,#N/A,#N/A,#N/A,#N/A
06d07175-5543-4888-b861-e738a6b424df,CompanyX,#N/A,#N/A,#N/A,#N/A,#N/A,#N/A,#N/A,#N/A,#N/A,#N/A,#N/A,#N/A,#N/A,#N/A,#N/A,#N/A,#N/A,353465768,#N/A,#N/A,#N/A,#N/A,#N/A,879,#N/A,#N/A,#N/A,#N/A,#N/A,#N/A,false,false,#N/A,#N/A,false,true,#N/A,Contract Based,#N/A,#N/A,#N/A,#N/A,#N/A,#N/A
3ca08333-c184-4b11-8d65-7f5619e7cd8b,testing,#N/A,#N/A,#N/A,#N/A,#N/A,#N/A,#N/A,#N/A,#N/A,#N/A,#N/A,#N/A,#N/A,#N/A,#N/A,#N/A,#N/A,#N/A,#N/A,#N/A,#N/A,#N/A,#N/A,#N/A,#N/A,#N/A,#N/A,#N/A,#N/A,#N/A,false,false,#N/A,Never,false,true,#N/A,Contract Based,Same,No,#N/A,#N/A,#N/A,#N/A
daabbf62-a9f4-4534-83a7-b8a5166bf495,a1,#N/A,#N/A,#N/A,#N/A,#N/A,#N/A,#N/A,#N/A,#N/A,#N/A,#N/A,#N/A,#N/A,#N/A,#N/A,#N/A,#N/A,#N/A,#N/A,#N/A,#N/A,#N/A,#N/A,#N/A,#N/A,#N/A,#N/A,#N/A,#N/A,#N/A,false,false,#N/A,Never,false,true,#N/A,Contract Based,Same,No,#N/A,#N/A,#N/A,#N/A
8e106772-4700-4e83-a808-866a9d417bcc,acc dely22222,#N/A,#N/A,#N/A,#N/A,#N/A,#N/A,#N/A,#N/A,#N/A,#N/A,#N/A,#N/A,#N/A,#N/A,#N/A,#N/A,#N/A,#N/A,#N/A,#N/A,#N/A,#N/A,#N/A,#N/A,#N/A,#N/A,#N/A,#N/A,#N/A,#N/A,false,false,#N/A,Never,false,true,#N/A,Contract Based,Same,No,#N/A,#N/A,#N/A,#N/A
11142f76-63f9-4596-94bb-abf5ad41cb9f,Global Media,Prospect,150 Chestnut Street,Toronto,Ontario,L4B 1Y3,Canada,#N/A,#N/A,#N/A,150 Chestnut Street,Toronto,Ontario,L4B 1Y3,Canada,#N/A,#N/A,#N/A,(905) 555-1212,#N/A,#N/A,#N/A,Media,#N/A,14668,"GBM is the worldwide leader in technology news and information on the Web and the producer of the longest-running and farthest-reaching television shows about technology. GBM's network of sites combines breakthrough interactive technology with engaging content and design and is consistently ranked as the Internet's leading content network in terms of both audience size and revenue, serving millions of users each day. The company's television programming is broadcast by the USA Network and the Sci-Fi Channel to more than 70 million households and is syndicated to broadcast television stations in the nation's top 120 markets, including the top 10 markets.",#N/A,#N/A,#N/A,#N/A,#N/A,false,false,#N/A,#N/A,false,true,#N/A,Contract Based,#N/A,#N/A,#N/A,#N/A,#N/A,#N/A
68986c0e-16c7-4d03-8994-d284c4cc07b6,Pixope,#N/A,#N/A,#N/A,#N/A,#N/A,#N/A,#N/A,#N/A,#N/A,#N/A,#N/A,#N/A,#N/A,#N/A,#N/A,#N/A,#N/A,#N/A,#N/A,#N/A,#N/A,#N/A,#N/A,#N/A,#N/A,#N/A,#N/A,#N/A,#N/A,#N/A,false,false,#N/A,Never,false,true,#N/A,Contract Based,Same,No,#N/A,#N/A,#N/A,#N/A
cff72a0e-7340-4c67-abf8-3cdf7f26e6a3,Jason,#N/A,#N/A,#N/A,#N/A,#N/A,#N/A,#N/A,#N/A,#N/A,#N/A,#N/A,#N/A,#N/A,#N/A,#N/A,#N/A,#N/A,#N/A,#N/A,#N/A,#N/A,#N/A,#N/A,#N/A,#N/A,#N/A,#N/A,#N/A,#N/A,#N/A,false,false,#N/A,Never,false,true,#N/A,Contract Based,Same,No,#N/A,#N/A,#N/A,#N/A
fcbc094a-bbfe-4244-9986-1ce2a239b79d,HH,#N/A,#N/A,#N/A,#N/A,#N/A,#N/A,#N/A,#N/A,#N/A,#N/A,#N/A,#N/A,#N/A,#N/A,#N/A,#N/A,#N/A,#N/A,#N/A,#N/A,#N/A,#N/A,#N/A,#N/A,#N/A,#N/A,#N/A,#N/A,#N/A,#N/A,false,false,#N/A,Never,false,true,#N/A,Contract Based,Same,No,#N/A,#N/A,#N/A,#N/A
1494a5a2-2e88-4a7a-84d6-3c88faac25c8,Trakcel,#N/A,#N/A,#N/A,#N/A,#N/A,#N/A,#N/A,#N/A,#N/A,#N/A,#N/A,#N/A,#N/A,#N/A,#N/A,#N/A,#N/A,#N/A,#N/A,#N/A,#N/A,#N/A,#N/A,#N/A,#N/A,#N/A,#N/A,#N/A,#N/A,#N/A,false,false,#N/A,Never,false,true,#N/A,Contract Based,Same,No,#N/A,#N/A,#N/A,#N/A
116d9b7b-9551-49f0-8678-bea882235307,Edgetag,Prospect,233 S Wacker Dr,Chicago,IL,60606-7147,United States,#N/A,#N/A,#N/A,29 Noalimba Cr,#N/A,#N/A,#N/A,#N/A,#N/A,#N/A,#N/A,1.872.825.4000,#N/A,#N/A,www,Retail,3.7864E10,#N/A,Realia Home is the leader in Retail in Chicago,#N/A,#N/A,#N/A,#N/A,#N/A,false,false,#N/A,Never,false,true,#N/A,Contract Based,Same,No,#N/A,#N/A,#N/A,#N/A
1d639cb0-115a-49d7-8dd3-30eab2b80dea,Acme,Prospect,10 Main Rd.,New York,NY,31349,USA,#N/A,#N/A,#N/A,10 Main Rd.,New York,NY,31349,USA,#N/A,#N/A,#N/A,(212) 555-5555,(212) 555-5555,#N/A,#N/A,Manufacturing,1.0E8,680,#N/A,#N/A,#N/A,#N/A,#N/A,#N/A,false,false,#N/A,#N/A,false,true,#N/A,Contract Based,#N/A,#N/A,#N/A,#N/A,#N/A,#N/A
bfa55572-5747-463f-8356-dd61fb1cba07,Test 323,#N/A,#N/A,#N/A,#N/A,#N/A,#N/A,#N/A,#N/A,#N/A,#N/A,#N/A,#N/A,#N/A,#N/A,#N/A,#N/A,#N/A,#N/A,#N/A,#N/A,#N/A,#N/A,#N/A,#N/A,#N/A,#N/A,#N/A,#N/A,#N/A,#N/A,false,false,#N/A,Never,false,true,#N/A,Contract Based,Same,No,#N/A,#N/A,#N/A,#N/A
98468e6a-7cdc-468e-94eb-dd3f5a181e75,Test 324,#N/A,#N/A,#N/A,#N/A,#N/A,#N/A,#N/A,#N/A,#N/A,#N/A,#N/A,#N/A,#N/A,#N/A,#N/A,#N/A,#N/A,#N/A,#N/A,#N/A,#N/A,#N/A,#N/A,#N/A,#N/A,#N/A,#N/A,#N/A,#N/A,#N/A,false,false,#N/A,Never,false,true,#N/A,Contract Based,Same,No,#N/A,#N/A,#N/A,#N/A
0b8e4d46-790b-42eb-a53d-ce82c62468e1,Parent,#N/A,#N/A,#N/A,#N/A,#N/A,#N/A,#N/A,#N/A,#N/A,#N/A,#N/A,#N/A,#N/A,#N/A,#N/A,#N/A,#N/A,#N/A,#N/A,#N/A,#N/A,#N/A,#N/A,#N/A,#N/A,#N/A,#N/A,#N/A,#N/A,#N/A,false,false,#N/A,Never,false,true,#N/A,Contract Based,Same,No,#N/A,#N/A,#N/A,#N/A
d4cbce03-27ab-4b15-aadd-b265c6a847a5,company,#N/A,#N/A,#N/A,#N/A,#N/A,#N/A,#N/A,#N/A,#N/A,#N/A,#N/A,#N/A,#N/A,#N/A,#N/A,#N/A,#N/A,1234567,#N/A,#N/A,#N/A,#N/A,#N/A,#N/A,#N/A,#N/A,#N/A,#N/A,#N/A,#N/A,false,false,#N/A,#N/A,false,true,#N/A,Contract Based,#N/A,#N/A,#N/A,#N/A,#N/A,#N/A
ca692514-aa83-45a8-8c15-e164c5ac308c,AppQ,#N/A,#N/A,#N/A,#N/A,#N/A,#N/A,#N/A,#N/A,#N/A,#N/A,#N/A,#N/A,#N/A,#N/A,#N/A,#N/A,#N/A,#N/A,#N/A,#N/A,#N/A,#N/A,#N/A,#N/A,#N/A,#N/A,#N/A,#N/A,#N/A,#N/A,false,false,#N/A,Never,false,true,#N/A,Contract Based,Same,No,#N/A,#N/A,#N/A,#N/A
1b7c3b19-f764-4084-a631-970a977fc1e5,company qa2,#N/A,#N/A,#N/A,#N/A,#N/A,#N/A,#N/A,#N/A,#N/A,#N/A,#N/A,#N/A,#N/A,#N/A,#N/A,#N/A,#N/A,1234567,#N/A,#N/A,#N/A,#N/A,#N/A,#N/A,#N/A,#N/A,#N/A,#N/A,#N/A,#N/A,false,false,#N/A,#N/A,false,true,#N/A,Contract Based,#N/A,#N/A,#N/A,#N/A,#N/A,#N/A
7954e218-b51d-40a6-8075-1723defc9182,Sample Account for Entitlements,#N/A,#N/A,#N/A,#N/A,#N/A,#N/A,#N/A,#N/A,#N/A,#N/A,#N/A,#N/A,#N/A,#N/A,#N/A,#N/A,#N/A,#N/A,#N/A,#N/A,#N/A,#N/A,#N/A,#N/A,#N/A,#N/A,#N/A,#N/A,#N/A,#N/A,false,false,#N/A,#N/A,false,true,#N/A,Contract Based,#N/A,#N/A,#N/A,#N/A,#N/A,#N/A
db88c0f6-b43a-4d01-93f4-df259998624d,tTSgkSmP,Analyst,63176 Miguel Bypass,North Classie,North Dakota,61124,New Caledonia,62.19626566,-31.68952112,#N/A,3457 Seth Roads,Kingmouth,South Carolina,05910,Greece,-53.06423888,-1.69686857,#N/A,#N/A,#N/A,#N/A,https://gfoemnqomyexepvlbqgphxuqqklauxqtghpimvpdao,Agriculture,0.0,#N/A,#N/A,#N/A,#N/A,#N/A,#N/A,#N/A,false,false,#N/A,Never,false,true,#N/A,Contract Based,Same,No,#N/A,#N/A,#N/A,#N/A
41540834-4ba1-4239-9217-7610ce54067d,company,#N/A,#N/A,#N/A,#N/A,#N/A,#N/A,#N/A,#N/A,#N/A,#N/A,#N/A,#N/A,#N/A,#N/A,#N/A,#N/A,#N/A,1234567,#N/A,#N/A,#N/A,#N/A,#N/A,#N/A,#N/A,#N/A,#N/A,#N/A,#N/A,#N/A,false,false,#N/A,#N/A,false,true,#N/A,Contract Based,#N/A,#N/A,#N/A,#N/A,#N/A,#N/A
729bb754-b083-4cfa-b8be-fbb1e448ae49,test,#N/A,#N/A,#N/A,#N/A,#N/A,#N/A,#N/A,#N/A,#N/A,#N/A,#N/A,#N/A,#N/A,#N/A,#N/A,#N/A,#N/A,#N/A,#N/A,#N/A,#N/A,#N/A,#N/A,#N/A,#N/A,#N/A,#N/A,#N/A,#N/A,#N/A,false,false,#N/A,Never,false,true,#N/A,Contract Based,Same,No,#N/A,#N/A,#N/A,#N/A
